

use team_2_board;

insert into `board_category` (bc_title)
values ("공지"), ("흥미"), ("유머"), ("일반");

insert into `board`(bo_title, bo_detail, bo_bc_num)
values ("공지","공지사항",1),
	("정치,사회","정치와 사회",2), ("경제","경제",2), ("스포츠","스포츠뉴스",2), ("문화","문화생활",2),("과학","과학관련",2), 
    ("차량","차량관련",2),  ("IT기기","기기관련",2),
    ("유머","재미",3),
    ("자유","자유",4), ("질문과 답변","질문과 답변",4), ("가입인사","",4);

insert into `post_category`(pc_title, pc_bo_num)
values ("공지",1), 
	("정치",2), ("사회",2), 
    ("경제",3), 
    ("축구",4), ("야구",4), ("농구",4), ("E스포츠",4), ("모터스포츠",4),
    ("영화",5), ("공연",5), ("음악",5), ("미술",5), ("문학",5), ("예능",5), ("드라마",5), 
    ("국내연구",6), ("해외연구",6),
    ("국산차",7), ("외제차",7), ("오토바이",7), 
    ("컴퓨터",8), ("테블릿",8), ("스마트폰",8), 
    ("유머",9),
    ("자유",10), ("오늘 있었던 일",10), ("칭찬해주세요",10), 
    ("질문",11),
    ("가입인사",12);

insert into `member`
values ("admin","admin","admin@kh.com",30,"950101-1234561","ADMIN"),
	("abc123","abc123","abc123@kh.com",28,"970101-2476914","USER"),
	("def123","def123","def123@kh.com",31,"940101-1476213","USER"),
	("qwe123","qwe123","qwe123@kh.com",34,"910101-2458312","USER"),
	("asd123","asd123","asd123@kh.com",26,"990101-1246131","USER"),
	("abc456","abc456","abc456@kh.com",31,"940101-2753917","USER"),
	("kim123","kim123","kim123@kh.com",32,"930101-1474425","USER"),
	("park123","park123","park123@kh.com",27,"980101-1473217","USER"),
	("lee123","lee123","lee123@kh.com",29,"960101-2476713","USER");
    
insert into `post` (po_bo_num, po_pc_num, po_mb_id, po_title, po_content, po_date , po_notice)
values (1,1,"admin","카페개설공지","새로 만든 카페입니다", "2024-01-16",1),
	(1,1,"admin","여러 게시판들 신설했습니다.","새로 게시판과 말머리를 만들었으니 이용해보세요.", "2024-01-17" ,1),
    (12,30,"park123","새로 가입했습니다","잘부탁드려요", "2024-01-18",0),
	(12,30,"kim123","새로 가입했습니다","잘부탁드려요", "2024-01-19",0),
	(12,30,"lee123","새로 가입했습니다","잘부탁드려요", "2024-01-20",0),
	(12,30,"abc123","새로 가입했습니다","잘부탁드려요", "2024-01-21",0),
	(12,30,"def123","새로 가입했습니다","잘부탁드려요", "2024-01-22",0),
	(12,30,"qwe123","새로 가입했습니다","잘부탁드려요", "2024-01-23",0),
	(12,30,"asd123","새로 가입했습니다","잘부탁드려요", "2024-01-24",0),
	(12,30,"abc456","새로 가입했습니다","잘부탁드려요", "2024-01-25",0),
	(4,7,"kim123","NBA 재밌네요", "볼만한듯", "2024-01-26" ,0),
	(5,10,"abc456","어제 웡카 보고왔어요", "재밌네요", "2024-01-27" ,0),
	(7,19,"abc123","국산 suv 추천좀요", "고민됩니다", "2024-01-28" ,0),
	(7,20,"qwe123","독3사가 이젠 흔하네요", "너무 흔한듯", "2024-01-29" ,0),
	(8,22,"def123","솔직히 게임하는데 모니터 4k 쓸거아니면", "4090 필요없다고 생각함", "2024-01-30" ,0),
	(9,25,"park123","타커뮤에서 웃긴거", "대충 링크", "2024-01-31" ,0),
    (11,1,"admin","새로 카페이용 규칙을 만들었습니다.","앞으로 회원간의 반말, 분쟁등을 일절 금합니다.", "2024-02-01" ,1),
    (10,26,"kim123","퇴근하고 싶다...","오늘만 버티면 주말이네요", "2024-02-02" ,0),
    (1,1,"admin","분쟁이 될만한 글은 관리자에 의해 삭제될 수 있습니다","규칙을 잘 지켜주세요", "2024-02-08" ,1);

insert into `reply` (re_content, re_mb_id, re_po_num, re_date)
values("확인했습니다","park123",1,"2024-01-18"),
	("확인했습니다","kim123",1,"2024-01-19"),
	("확인했습니다","lee123",1,"2024-01-20"),
	("확인했습니다","abc123",1,"2024-01-21"),
	("확인했습니다","def123",1,"2024-01-22"),
	("확인했습니다","qwe123",1,"2024-01-23"),
	("확인했습니다","asd123",1,"2024-01-24"),
	("확인했습니다","abc456",1,"2024-01-25"),
	("한번 더 확인","park123",1,"2024-01-26"),
	("저도 한번더 확인","lee123",1,"2024-01-27"),
	("한번 더 확인요","kim123",1,"2024-01-28"),
	("전원 확인 완료","abc456",1,"2024-01-29"),
	("네 알겠습니다","admin",1,"2024-01-30");
    
    
    
    
    